-8.693091571331024170e-02,6.030571088194847107e-02,3.889100626111030579e-02,-7.446757704019546509e-02,-1.879396140575408936e-01,2.606695517897605896e-03,-6.477411836385726929e-02,-9.076238423585891724e-02,1.563499271869659424e-01,-2.114705145359039307e-01,1.720096170902252197e-01,-4.685131832957267761e-02,-2.110207229852676392e-01,-2.638573292642831802e-03,-9.514360874891281128e-02,2.517463266849517822e-01,-1.802434325218200684e-01,-1.670209020376205444e-01,-1.193489972501993179e-02,4.039082676172256470e-03,9.386087208986282349e-02,5.358668044209480286e-02,-3.739852085709571838e-02,3.406646847724914551e-02,-1.525201797485351562e-01,-3.255166113376617432e-01,-1.024133041501045227e-01,-3.446561843156814575e-02,-6.790690124034881592e-02,-7.120656967163085938e-02,-2.594639360904693604e-02,1.017893478274345398e-01,-1.432818472385406494e-01,1.272669062018394470e-02,1.864883117377758026e-03,7.823278009891510010e-02,2.386020496487617493e-02,-8.035391569137573242e-02,1.702125519514083862e-01,7.454853504896163940e-02,-3.219913840293884277e-01,9.629818797111511230e-02,5.841041356325149536e-02,2.477625906467437744e-01,9.663744270801544189e-02,-2.744404412806034088e-02,5.073024332523345947e-02,-1.653501391410827637e-01,1.492188721895217896e-01,-1.744037270545959473e-01,1.654716767370700836e-02,1.347844302654266357e-01,6.748418509960174561e-02,4.502134770154953003e-02,-2.029716596007347107e-02,-9.785826504230499268e-02,4.515653103590011597e-02,9.447032213211059570e-02,-1.082126423716545105e-01,-6.771523039788007736e-03,1.291119456291198730e-01,-4.846519976854324341e-02,1.843214035034179688e-03,-1.243468597531318665e-01,1.715406626462936401e-01,6.491665542125701904e-02,-8.684296905994415283e-02,-1.750311553478240967e-01,1.351382732391357422e-01,-1.444367021322250366e-01,-1.459039747714996338e-01,5.563216283917427063e-02,-1.598784774541854858e-01,-1.593221276998519897e-01,-2.931690812110900879e-01,-2.227051556110382080e-02,4.163644015789031982e-01,1.312938779592514038e-01,-1.740145236253738403e-01,6.536637246608734131e-02,-2.259043604135513306e-02,-7.772439625114202499e-03,1.178460419178009033e-01,2.335365563631057739e-01,3.377012908458709717e-02,5.533985048532485962e-02,-3.123434633016586304e-02,3.202221542596817017e-02,2.826616764068603516e-01,-5.671127885580062866e-02,-2.280979417264461517e-02,2.271625995635986328e-01,9.235689789056777954e-02,8.778403699398040771e-02,2.398838475346565247e-02,1.234276406466960907e-02,-4.435918480157852173e-02,-3.074016422033309937e-04,-8.575324714183807373e-02,1.245601009577512741e-02,-3.509005159139633179e-02,-3.671830520033836365e-02,-4.966063052415847778e-02,1.176112890243530273e-01,-1.699749082326889038e-01,2.120251655578613281e-01,-1.261567138135433197e-02,2.009114995598793030e-02,-1.104535069316625595e-03,9.044674038887023926e-02,-3.784291446208953857e-02,-4.257099330425262451e-02,1.062695607542991638e-01,-1.754235029220581055e-01,1.277315914630889893e-01,1.749514639377593994e-01,3.992121666669845581e-02,1.041727587580680847e-01,1.072863414883613586e-01,1.239774674177169800e-01,-5.373800545930862427e-02,-1.423307694494724274e-02,-2.290278673171997070e-01,-6.070028990507125854e-02,1.134910210967063904e-01,-7.098819315433502197e-02,8.365995436906814575e-02,2.042483910918235779e-02
-7.959467917680740356e-02,2.506911009550094604e-02,7.060424983501434326e-02,-6.666547805070877075e-02,-1.178438812494277954e-01,9.902877733111381531e-03,-7.486461102962493896e-02,-9.758403897285461426e-02,1.656009554862976074e-01,-1.967250257730484009e-01,1.839107722043991089e-01,-5.719692260026931763e-02,-2.113756090402603149e-01,-4.668460413813591003e-02,-1.023964807391166687e-01,2.383803725242614746e-01,-1.362902224063873291e-01,-1.481611877679824829e-01,-4.388096742331981659e-03,2.764932811260223389e-02,1.014306843280792236e-01,3.133586421608924866e-02,-1.005613617599010468e-02,3.800555318593978882e-02,-1.252088397741317749e-01,-3.254783451557159424e-01,-1.528621017932891846e-01,-6.344012916088104248e-02,-1.020304486155509949e-01,-7.269936800003051758e-02,-4.655739665031433105e-02,7.006170600652694702e-02,-1.188656836748123169e-01,6.378889083862304688e-04,1.489432528614997864e-03,7.993745803833007812e-02,3.035723045468330383e-02,-7.668267190456390381e-02,1.691466718912124634e-01,6.261552870273590088e-02,-2.850622534751892090e-01,9.938576072454452515e-02,5.892378091812133789e-02,2.362248301506042480e-01,1.146514490246772766e-01,3.987597674131393433e-02,3.258613497018814087e-02,-1.675313860177993774e-01,1.513503193855285645e-01,-1.834352314472198486e-01,2.214707434177398682e-02,1.249246224761009216e-01,7.562746852636337280e-02,4.378582537174224854e-02,-6.979182362556457520e-04,-9.105564653873443604e-02,6.202704086899757385e-02,7.694092392921447754e-02,-1.241536587476730347e-01,7.896044291555881500e-03,1.066772341728210449e-01,-8.699006587266921997e-02,-1.512107625603675842e-02,-1.199452206492424011e-01,1.789191961288452148e-01,8.722078800201416016e-02,-1.129770278930664062e-01,-1.686647236347198486e-01,1.282685995101928711e-01,-1.553025543689727783e-01,-1.220657378435134888e-01,4.837401211261749268e-02,-1.675729900598526001e-01,-1.588872969150543213e-01,-2.895601987838745117e-01,-7.855983451008796692e-03,4.374792575836181641e-01,1.212366595864295959e-01,-1.909055113792419434e-01,6.642219424247741699e-02,-3.199273347854614258e-02,7.621794939041137695e-04,9.482464939355850220e-02,2.375746071338653564e-01,3.887366503477096558e-02,3.247837722301483154e-02,-4.100482910871505737e-02,-1.872073672711849213e-02,2.494565546512603760e-01,-7.185703516006469727e-02,1.112433522939682007e-02,2.104253768920898438e-01,5.286020785570144653e-02,1.110999882221221924e-01,1.170761510729789734e-02,1.212555542588233948e-02,-5.164797604084014893e-02,2.667093649506568909e-02,-7.304047793149948120e-02,3.634523600339889526e-02,-4.564834386110305786e-02,-3.033291921019554138e-02,-2.912085130810737610e-02,7.679480314254760742e-02,-1.746135950088500977e-01,2.009116560220718384e-01,-2.409778535366058350e-02,-1.115010026842355728e-02,1.505731977522373199e-02,6.150742620229721069e-02,-4.886515438556671143e-02,-2.970051579177379608e-02,1.165309920907020569e-01,-2.122653424739837646e-01,1.197804287075996399e-01,1.726777106523513794e-01,4.831813648343086243e-02,1.174442768096923828e-01,1.029858216643333435e-01,1.785119175910949707e-01,-5.871851742267608643e-02,6.654609926044940948e-03,-2.390106171369552612e-01,-6.177308410406112671e-02,9.858811646699905396e-02,-6.164332479238510132e-02,7.480081170797348022e-02,1.125068403780460358e-02
-9.886444360017776489e-02,2.445044368505477905e-02,7.562010735273361206e-02,-5.095478147268295288e-02,-1.134420856833457947e-01,2.884891349822282791e-03,-8.719252049922943115e-02,-9.652981162071228027e-02,1.614863425493240356e-01,-1.970895975828170776e-01,1.987424343824386597e-01,-4.875792190432548523e-02,-2.017876356840133667e-01,-5.501355230808258057e-02,-9.078746289014816284e-02,2.287600934505462646e-01,-1.523162573575973511e-01,-1.486244648694992065e-01,1.160316262394189835e-02,3.861465305089950562e-02,1.150566712021827698e-01,1.044069975614547729e-02,-5.093091633170843124e-03,4.294879734516143799e-02,-1.239157766103744507e-01,-3.444798290729522705e-01,-1.511981487274169922e-01,-6.476605683565139771e-02,-8.126621693372726440e-02,-6.351099908351898193e-02,-4.136232659220695496e-02,5.856198444962501526e-02,-1.056039109826087952e-01,1.080350577831268311e-02,-6.032843142747879028e-03,8.265596628189086914e-02,3.283852338790893555e-02,-8.528464287519454956e-02,1.628005504608154297e-01,4.107334092259407043e-02,-2.906358838081359863e-01,6.608820706605911255e-02,5.146123841404914856e-02,2.281025499105453491e-01,1.219458952546119690e-01,2.890682034194469452e-02,4.307857155799865723e-02,-1.509705632925033569e-01,1.577324569225311279e-01,-1.797319203615188599e-01,1.156413927674293518e-03,1.229036599397659302e-01,8.756014704704284668e-02,3.799724578857421875e-02,1.705040223896503448e-03,-8.781769871711730957e-02,4.917979985475540161e-02,7.631346583366394043e-02,-1.140040904283523560e-01,-3.120028879493474960e-03,9.353730082511901855e-02,-8.728877454996109009e-02,-1.115486584603786469e-02,-1.217884719371795654e-01,1.740583032369613647e-01,8.277276903390884399e-02,-1.210154667496681213e-01,-1.722834706306457520e-01,1.394402086734771729e-01,-1.429589539766311646e-01,-1.231005340814590454e-01,4.987294971942901611e-02,-1.766753047704696655e-01,-1.681869179010391235e-01,-2.939396500587463379e-01,-1.807440817356109619e-02,4.414816200733184814e-01,1.157149672508239746e-01,-1.779084950685501099e-01,6.181549280881881714e-02,-4.071002826094627380e-02,6.253662053495645523e-03,7.702388614416122437e-02,2.355279028415679932e-01,4.178259521722793579e-02,2.982955053448677063e-02,-6.196719035506248474e-02,-2.005093172192573547e-02,2.370237559080123901e-01,-7.771053910255432129e-02,7.947521284222602844e-03,1.866075843572616577e-01,4.857300966978073120e-02,1.226355135440826416e-01,3.830834757536649704e-03,2.514396607875823975e-02,-5.820450186729431152e-02,4.031974449753761292e-02,-8.311672508716583252e-02,3.373967111110687256e-02,-4.907616600394248962e-02,-8.399832993745803833e-03,-1.939771510660648346e-02,7.486542314291000366e-02,-1.520318984985351562e-01,1.929247826337814331e-01,-8.316707797348499298e-03,1.688226126134395599e-03,1.927775144577026367e-02,6.979611515998840332e-02,-6.362883746623992920e-02,-3.667802363634109497e-02,9.878254681825637817e-02,-2.074640095233917236e-01,1.070314347743988037e-01,1.750929057598114014e-01,6.830902397632598877e-02,1.254183948040008545e-01,1.073916479945182800e-01,1.652605235576629639e-01,-5.594465509057044983e-02,6.258906796574592590e-04,-2.354301512241363525e-01,-5.804044753313064575e-02,8.068459481000900269e-02,-5.200570821762084961e-02,5.470832437276840210e-02,5.173563491553068161e-03
-9.495195746421813965e-02,2.688956260681152344e-02,8.450914174318313599e-02,-5.263565480709075928e-02,-1.140745133161544800e-01,-1.026293262839317322e-02,-8.317787945270538330e-02,-9.769529849290847778e-02,1.575900465250015259e-01,-1.898027211427688599e-01,1.886149197816848755e-01,-5.483731254935264587e-02,-1.835143864154815674e-01,-5.361893773078918457e-02,-9.056438505649566650e-02,2.284507304430007935e-01,-1.540845930576324463e-01,-1.532372832298278809e-01,-3.198329359292984009e-04,2.884257584810256958e-02,1.232305094599723816e-01,6.109301000833511353e-03,-1.155426353216171265e-02,4.955903068184852600e-02,-1.141200661659240723e-01,-3.450286686420440674e-01,-1.354878544807434082e-01,-5.691006779670715332e-02,-5.995362251996994019e-02,-6.457962095737457275e-02,-3.898945450782775879e-02,6.646002084016799927e-02,-1.243395134806632996e-01,8.757164701819419861e-03,-1.762018725275993347e-02,7.858170568943023682e-02,5.446986854076385498e-02,-9.085954725742340088e-02,1.529969871044158936e-01,3.750727698206901550e-02,-2.991261482238769531e-01,7.138366997241973877e-02,4.080047458410263062e-02,2.169685661792755127e-01,1.378886103630065918e-01,1.131991948932409286e-02,4.868902266025543213e-02,-1.401368379592895508e-01,1.501622498035430908e-01,-1.726137995719909668e-01,-1.296310499310493469e-02,1.219024211168289185e-01,8.422674983739852905e-02,3.061584942042827606e-02,-8.730673231184482574e-03,-1.003188863396644592e-01,4.016670584678649902e-02,7.361010462045669556e-02,-1.122650057077407837e-01,-5.347921513020992279e-03,8.360845595598220825e-02,-8.738396316766738892e-02,-1.348678022623062134e-02,-1.227240115404129028e-01,1.577462106943130493e-01,7.694416493177413940e-02,-1.098051071166992188e-01,-1.745606064796447754e-01,1.424475908279418945e-01,-1.426150500774383545e-01,-1.064786911010742188e-01,4.726787656545639038e-02,-1.812316179275512695e-01,-1.612755805253982544e-01,-2.913824021816253662e-01,-1.842088624835014343e-02,4.439339935779571533e-01,1.104776188731193542e-01,-1.893316954374313354e-01,7.074208557605743408e-02,-4.271777719259262085e-02,1.736943051218986511e-02,7.902932167053222656e-02,2.306249290704727173e-01,4.404800757765769958e-02,4.501792788505554199e-02,-5.633611232042312622e-02,-8.520018309354782104e-03,2.296948730945587158e-01,-6.594978272914886475e-02,8.026091381907463074e-04,1.852532327175140381e-01,4.216377437114715576e-02,1.117546856403350830e-01,4.372213035821914673e-03,1.956548728048801422e-02,-4.292695969343185425e-02,4.423211514949798584e-02,-8.381052315235137939e-02,3.562028706073760986e-02,-5.289561673998832703e-02,-1.214045193046331406e-02,-2.376597374677658081e-02,7.139987498521804810e-02,-1.549042463302612305e-01,1.874473690986633301e-01,-5.505397915840148926e-03,1.095482334494590759e-02,8.910015225410461426e-03,7.356447726488113403e-02,-5.419513583183288574e-02,-3.067152574658393860e-02,1.042123287916183472e-01,-1.957810670137405396e-01,1.108839288353919983e-01,1.921120136976242065e-01,6.427490711212158203e-02,1.282321214675903320e-01,9.952284395694732666e-02,1.606389582157135010e-01,-4.490750655531883240e-02,1.256559044122695923e-03,-2.242782264947891235e-01,-4.897703230381011963e-02,7.846156507730484009e-02,-5.968291312456130981e-02,5.335392057895660400e-02,1.002596784383058548e-02
-1.110132858157157898e-01,4.291874542832374573e-02,1.156591102480888367e-01,-4.665218666195869446e-02,-1.387501358985900879e-01,1.264284830540418625e-02,-1.026040911674499512e-01,-8.193425834178924561e-02,1.750869005918502808e-01,-1.912139654159545898e-01,1.960592865943908691e-01,-3.316641598939895630e-02,-1.911810338497161865e-01,-8.185066282749176025e-03,-1.068828925490379333e-01,2.493217438459396362e-01,-1.681251078844070435e-01,-1.455668509006500244e-01,2.325615473091602325e-02,2.687951177358627319e-02,1.225669533014297485e-01,9.595364332199096680e-03,-7.533946540206670761e-03,3.824364021420478821e-02,-1.109953224658966064e-01,-3.525868058204650879e-01,-1.214718222618103027e-01,-5.290232971310615540e-02,-8.494053781032562256e-02,-7.220249623060226440e-02,-5.395771935582160950e-02,5.181648954749107361e-02,-1.281908005475997925e-01,1.285811886191368103e-03,-6.320387125015258789e-03,9.304274618625640869e-02,2.633829601109027863e-02,-1.052548438310623169e-01,1.400710940361022949e-01,2.512571215629577637e-02,-3.081935346126556396e-01,5.461224541068077087e-02,6.049111485481262207e-02,2.159609794616699219e-01,1.396755427122116089e-01,8.533885702490806580e-03,1.967032253742218018e-02,-1.376267373561859131e-01,1.530344188213348389e-01,-1.896888762712478638e-01,-2.914827316999435425e-03,1.193897649645805359e-01,8.410976827144622803e-02,3.981896862387657166e-02,1.454264856874942780e-03,-7.789085060358047485e-02,4.605697095394134521e-02,7.127253711223602295e-02,-9.992806613445281982e-02,-2.193498797714710236e-02,1.094091087579727173e-01,-8.541689813137054443e-02,6.565267220139503479e-03,-1.287752836942672729e-01,1.744843870401382446e-01,1.027128994464874268e-01,-1.135968938469886780e-01,-1.849631667137145996e-01,1.317552626132965088e-01,-1.202927306294441223e-01,-1.219301074743270874e-01,4.297155886888504028e-02,-1.762344986200332642e-01,-1.626715362071990967e-01,-2.754853069782257080e-01,-2.649547159671783447e-02,4.566991329193115234e-01,1.014773994684219360e-01,-1.772315949201583862e-01,4.983362555503845215e-02,-4.364484548568725586e-02,-6.660896819084882736e-03,6.461985409259796143e-02,2.478155046701431274e-01,6.397213041782379150e-02,3.798022866249084473e-02,-5.365486443042755127e-02,-3.258981741964817047e-03,2.377484291791915894e-01,-7.146784663200378418e-02,1.279601128771901131e-03,1.919722855091094971e-01,3.513454645872116089e-02,1.089777052402496338e-01,-1.598005183041095734e-03,4.370555281639099121e-02,-6.841325014829635620e-02,6.353874504566192627e-02,-1.080163866281509399e-01,1.400260068476200104e-02,-6.154146790504455566e-02,1.493261475116014481e-02,-2.629767917096614838e-02,9.603332728147506714e-02,-1.474629044532775879e-01,1.753135025501251221e-01,-1.435805577784776688e-02,2.511241473257541656e-02,3.005893342196941376e-02,7.099151611328125000e-02,-6.193950772285461426e-02,-4.828994721174240112e-02,9.404847025871276855e-02,-1.844633072614669800e-01,1.088027581572532654e-01,1.684994697570800781e-01,6.202093884348869324e-02,1.068920865654945374e-01,9.944277256727218628e-02,1.485125273466110229e-01,-2.521525695919990540e-02,-6.655253469944000244e-03,-2.432702928781509399e-01,-4.403047263622283936e-02,7.117611914873123169e-02,-6.808725744485855103e-02,4.019871354103088379e-02,1.209268998354673386e-02
-8.748061209917068481e-02,5.319999158382415771e-02,9.603636711835861206e-02,-4.616314172744750977e-02,-1.286821961402893066e-01,2.495311666280031204e-03,-8.498533070087432861e-02,-1.030399426817893982e-01,1.682762652635574341e-01,-2.131729871034622192e-01,1.879744380712509155e-01,-3.186450526118278503e-02,-1.851493716239929199e-01,-1.554108411073684692e-02,-9.400164335966110229e-02,2.422609031200408936e-01,-1.401761174201965332e-01,-1.537090837955474854e-01,-1.207428053021430969e-03,5.145463161170482635e-03,1.121509671211242676e-01,2.803671732544898987e-02,-1.247274223715066910e-02,4.114798083901405334e-02,-1.417836248874664307e-01,-3.136595785617828369e-01,-1.316404640674591064e-01,-3.426884114742279053e-02,-8.533129096031188965e-02,-6.494782865047454834e-02,-5.350760743021965027e-02,5.937045067548751831e-02,-1.270622760057449341e-01,9.412178769707679749e-03,-8.711011148989200592e-03,1.024067252874374390e-01,3.011516854166984558e-02,-8.946587890386581421e-02,1.551426947116851807e-01,4.672988131642341614e-02,-3.013790249824523926e-01,8.417983353137969971e-02,5.431513488292694092e-02,2.238958328962326050e-01,1.208007484674453735e-01,1.885027508251368999e-03,3.454584628343582153e-02,-1.460959464311599731e-01,1.378310024738311768e-01,-1.880836784839630127e-01,1.809229701757431030e-02,1.143531724810600281e-01,7.324244081974029541e-02,4.081143438816070557e-02,-1.063526701182126999e-02,-8.793134242296218872e-02,4.022004082798957825e-02,1.031470224261283875e-01,-1.093574240803718567e-01,-6.419383455067873001e-03,1.082261726260185242e-01,-8.890469372272491455e-02,-1.560970395803451538e-02,-1.135598868131637573e-01,1.685356348752975464e-01,1.108889579772949219e-01,-1.094892546534538269e-01,-1.727692037820816040e-01,1.328338235616683960e-01,-1.440426111221313477e-01,-1.306668221950531006e-01,5.356572940945625305e-02,-1.605300456285476685e-01,-1.660961210727691650e-01,-2.905946373939514160e-01,-7.906828075647354126e-03,4.607069492340087891e-01,1.225849762558937073e-01,-1.871801614761352539e-01,5.534533783793449402e-02,-2.501808851957321167e-02,9.557964280247688293e-03,1.034806221723556519e-01,2.356388419866561890e-01,4.908452183008193970e-02,3.835980221629142761e-02,-4.922183975577354431e-02,6.615138612687587738e-03,2.550846040248870850e-01,-5.126389116048812866e-02,-1.838028058409690857e-02,2.013463079929351807e-01,6.200782954692840576e-02,1.099050790071487427e-01,6.380299571901559830e-03,3.078043460845947266e-02,-4.329755157232284546e-02,2.926664985716342926e-02,-1.019116714596748352e-01,2.162988856434822083e-02,-5.462323874235153198e-02,3.744866698980331421e-04,-4.586001113057136536e-02,9.365793317556381226e-02,-1.601769030094146729e-01,2.000324279069900513e-01,-8.181526325643062592e-03,2.484349533915519714e-04,1.755682379007339478e-02,7.968772202730178833e-02,-5.866830050945281982e-02,-3.670289367437362671e-02,1.066457331180572510e-01,-1.976206749677658081e-01,1.003713086247444153e-01,1.816220283508300781e-01,4.635266214609146118e-02,1.194828897714614868e-01,1.088863611221313477e-01,1.527781933546066284e-01,-2.529693394899368286e-02,-1.081524975597858429e-02,-2.423515915870666504e-01,-5.484663322567939758e-02,9.263461083173751831e-02,-7.882436364889144897e-02,7.475264370441436768e-02,1.840179786086082458e-02
-7.374194264411926270e-02,5.453872308135032654e-02,9.333065152168273926e-02,-4.186688363552093506e-02,-1.260779947042465210e-01,7.398688234388828278e-03,-8.218255639076232910e-02,-1.046942546963691711e-01,1.695764958858489990e-01,-2.149897366762161255e-01,1.939563602209091187e-01,-3.943636268377304077e-02,-1.873690038919448853e-01,-1.579403877258300781e-02,-9.501935541629791260e-02,2.410422116518020630e-01,-1.405602544546127319e-01,-1.555412262678146362e-01,-6.974980235099792480e-03,6.954347714781761169e-03,1.098645105957984924e-01,2.683515474200248718e-02,-1.739601232111454010e-02,3.856462985277175903e-02,-1.462978273630142212e-01,-3.126569390296936035e-01,-1.214334815740585327e-01,-3.184931352734565735e-02,-8.060723543167114258e-02,-7.106803357601165771e-02,-5.835802853107452393e-02,7.379279285669326782e-02,-1.337984651327133179e-01,6.943970918655395508e-03,-2.217870205640792847e-03,1.085193231701850891e-01,3.356984257698059082e-02,-8.336280286312103271e-02,1.565685868263244629e-01,4.798686504364013672e-02,-3.087166845798492432e-01,7.706674188375473022e-02,5.534013360738754272e-02,2.229037135839462280e-01,1.102055236697196960e-01,-3.412008285522460938e-03,2.436039969325065613e-02,-1.385750025510787964e-01,1.372316628694534302e-01,-1.913370639085769653e-01,2.065094560384750366e-02,1.227712258696556091e-01,7.340803742408752441e-02,4.640188440680503845e-02,-1.304144598543643951e-02,-8.852938562631607056e-02,4.434560984373092651e-02,1.001983582973480225e-01,-1.103829741477966309e-01,-1.452679978683590889e-03,1.167006269097328186e-01,-9.312850236892700195e-02,-1.558286882936954498e-02,-1.044225394725799561e-01,1.492277234792709351e-01,1.046864986419677734e-01,-1.059425175189971924e-01,-1.711617112159729004e-01,1.212354525923728943e-01,-1.463397443294525146e-01,-1.236910000443458557e-01,6.154035404324531555e-02,-1.549257338047027588e-01,-1.713697165250778198e-01,-2.931193113327026367e-01,-1.885736919939517975e-02,4.560768008232116699e-01,1.219491511583328247e-01,-1.905689686536788940e-01,4.623412713408470154e-02,-1.607883721590042114e-02,2.306379843503236771e-03,1.172029823064804077e-01,2.308781743049621582e-01,5.616020411252975464e-02,4.666570574045181274e-02,-5.135653540492057800e-02,1.469261944293975830e-02,2.585742473602294922e-01,-4.723829776048660278e-02,-1.952105388045310974e-02,2.095827758312225342e-01,5.499961972236633301e-02,1.059403717517852783e-01,4.520146641880273819e-03,4.007684066891670227e-02,-3.474887460470199585e-02,2.361449413001537323e-02,-1.041533574461936951e-01,2.541375905275344849e-02,-5.151678621768951416e-02,-2.827282063663005829e-03,-5.835390836000442505e-02,8.968006074428558350e-02,-1.632039546966552734e-01,1.950645744800567627e-01,-3.806159598752856255e-03,6.058147177100181580e-03,1.893825270235538483e-02,7.324543595314025879e-02,-6.279744952917098999e-02,-3.734560683369636536e-02,1.127086654305458069e-01,-1.960744112730026245e-01,9.863854199647903442e-02,1.861707419157028198e-01,4.292700812220573425e-02,1.088364645838737488e-01,1.087513118982315063e-01,1.385415643453598022e-01,-1.854846999049186707e-02,-2.862228825688362122e-02,-2.428252249956130981e-01,-6.406300514936447144e-02,8.658877760171890259e-02,-8.226982504129409790e-02,6.675282120704650879e-02,8.581936359405517578e-03
-9.012629836797714233e-02,6.165432929992675781e-02,9.841842949390411377e-02,-4.141922295093536377e-02,-1.312054097652435303e-01,-2.653318922966718674e-03,-8.568226546049118042e-02,-1.142411306500434875e-01,1.628547608852386475e-01,-2.106860429048538208e-01,1.928038597106933594e-01,-4.119838774204254150e-02,-1.830425113439559937e-01,-1.729146763682365417e-02,-9.362092614173889160e-02,2.445304244756698608e-01,-1.341880857944488525e-01,-1.647938042879104614e-01,2.573004923760890961e-03,1.119961962103843689e-03,1.136884689331054688e-01,2.681873366236686707e-02,-3.312586806714534760e-03,4.418148845434188843e-02,-1.478440165519714355e-01,-3.159984350204467773e-01,-1.323250085115432739e-01,-4.102196916937828064e-02,-8.507676422595977783e-02,-6.848006695508956909e-02,-5.096716806292533875e-02,6.750375777482986450e-02,-1.323484927415847778e-01,6.455145776271820068e-03,-5.167489871382713318e-03,1.050434634089469910e-01,3.114278614521026611e-02,-8.458963036537170410e-02,1.581339389085769653e-01,4.429727792739868164e-02,-3.019176125526428223e-01,8.730229735374450684e-02,5.970619618892669678e-02,2.297401279211044312e-01,1.266237795352935791e-01,-3.767253365367650986e-03,3.221492096781730652e-02,-1.482201069593429565e-01,1.296924203634262085e-01,-1.844312399625778198e-01,1.439457293599843979e-02,1.152907758951187134e-01,6.936064362525939941e-02,4.855966567993164062e-02,-1.509070675820112228e-02,-8.215674757957458496e-02,4.026079922914505005e-02,9.622244536876678467e-02,-1.152722910046577454e-01,-1.921947812661528587e-03,1.129922717809677124e-01,-8.992755413055419922e-02,-1.694751344621181488e-02,-1.206451207399368286e-01,1.736049503087997437e-01,1.120991334319114685e-01,-1.125302836298942566e-01,-1.684202253818511963e-01,1.262708306312561035e-01,-1.498283147811889648e-01,-1.326860636472702026e-01,5.987776815891265869e-02,-1.633119136095046997e-01,-1.653741151094436646e-01,-2.893691062927246094e-01,-1.455371081829071045e-02,4.600431919097900391e-01,1.227390244603157043e-01,-1.955158114433288574e-01,5.166799575090408325e-02,-1.875779218971729279e-02,8.572079241275787354e-03,9.912827610969543457e-02,2.394786328077316284e-01,5.377444624900817871e-02,4.454838484525680542e-02,-4.560273140668869019e-02,7.105696946382522583e-03,2.566474974155426025e-01,-5.007587745785713196e-02,-2.234395034611225128e-02,2.098310291767120361e-01,5.779715627431869507e-02,1.152228340506553650e-01,1.450145430862903595e-02,3.835158422589302063e-02,-4.352039843797683716e-02,1.765461824834346771e-02,-1.107653751969337463e-01,1.539521757513284683e-02,-7.327684760093688965e-02,-5.606217309832572937e-04,-5.198086053133010864e-02,8.889839053153991699e-02,-1.522150039672851562e-01,2.056341171264648438e-01,-8.877176791429519653e-03,4.689437337219715118e-03,3.239792771637439728e-03,8.112759143114089966e-02,-5.182275176048278809e-02,-3.539911657571792603e-02,1.082557588815689087e-01,-1.942999958992004395e-01,1.022870913147926331e-01,1.821504384279251099e-01,4.492438957095146179e-02,1.176856905221939087e-01,1.079675406217575073e-01,1.519791483879089355e-01,-3.128853440284729004e-02,-9.777672588825225830e-03,-2.347569912672042847e-01,-5.371083319187164307e-02,9.183137863874435425e-02,-8.416266739368438721e-02,7.961072027683258057e-02,1.646542176604270935e-02
-8.273081481456756592e-02,5.949378386139869690e-02,9.519150853157043457e-02,-4.361918568611145020e-02,-1.287934780120849609e-01,6.557903252542018890e-03,-8.409576117992401123e-02,-9.977103024721145630e-02,1.617435216903686523e-01,-2.150458544492721558e-01,1.918679922819137573e-01,-4.388292133808135986e-02,-1.836048215627670288e-01,-1.645424775779247284e-02,-9.537838399410247803e-02,2.409743666648864746e-01,-1.371033191680908203e-01,-1.615516543388366699e-01,4.307683557271957397e-04,1.207203045487403870e-02,1.100210770964622498e-01,1.993417553603649139e-02,-2.264852449297904968e-02,4.342805221676826477e-02,-1.424762457609176636e-01,-3.087928295135498047e-01,-1.192369014024734497e-01,-3.008752502501010895e-02,-8.595911413431167603e-02,-7.218945026397705078e-02,-6.244568899273872375e-02,7.377120107412338257e-02,-1.362925022840499878e-01,4.626949317753314972e-03,-1.276135444641113281e-03,1.146990880370140076e-01,3.727331385016441345e-02,-7.592456042766571045e-02,1.535944044589996338e-01,4.820114001631736755e-02,-3.027346730232238770e-01,8.841329067945480347e-02,5.679393559694290161e-02,2.302870750427246094e-01,1.210660338401794434e-01,-4.351180978119373322e-03,2.121154218912124634e-02,-1.388327926397323608e-01,1.360632032155990601e-01,-1.915080994367599487e-01,1.932138390839099884e-02,1.198431849479675293e-01,8.231612294912338257e-02,4.139927402138710022e-02,-1.527687907218933105e-02,-9.223572164773941040e-02,3.896446153521537781e-02,9.426082670688629150e-02,-1.105484738945960999e-01,-3.947595134377479553e-03,1.070833653211593628e-01,-8.702485263347625732e-02,-1.616815105080604553e-02,-1.130519360303878784e-01,1.620434373617172241e-01,1.106453239917755127e-01,-1.043464168906211853e-01,-1.812741607427597046e-01,1.284108459949493408e-01,-1.438427269458770752e-01,-1.268732994794845581e-01,5.876713246107101440e-02,-1.571426987648010254e-01,-1.625196486711502075e-01,-2.829046845436096191e-01,-1.388487406075000763e-02,4.513684213161468506e-01,1.194129586219787598e-01,-1.977261006832122803e-01,6.020028889179229736e-02,-2.128877863287925720e-02,-3.982099704444408417e-03,1.001997068524360657e-01,2.294321954250335693e-01,5.519971251487731934e-02,5.124317109584808350e-02,-4.544810950756072998e-02,9.873078204691410065e-03,2.589256763458251953e-01,-4.699701443314552307e-02,-1.964130252599716187e-02,2.014151215553283691e-01,5.436540395021438599e-02,1.043347641825675964e-01,1.443791761994361877e-02,2.108716033399105072e-02,-3.758759796619415283e-02,2.411835454404354095e-02,-1.175116151571273804e-01,1.079881377518177032e-02,-6.647452712059020996e-02,-9.833336807787418365e-03,-5.822321027517318726e-02,9.164034575223922729e-02,-1.694295406341552734e-01,1.970137357711791992e-01,-7.889442145824432373e-03,4.510648548603057861e-03,1.037193834781646729e-02,7.930522412061691284e-02,-6.350961327552795410e-02,-3.036458976566791534e-02,1.138235032558441162e-01,-1.985181570053100586e-01,1.055894717574119568e-01,1.788568794727325439e-01,5.202664434909820557e-02,1.076753810048103333e-01,1.167881712317466736e-01,1.379829198122024536e-01,-1.107446011155843735e-02,-1.270204409956932068e-02,-2.373354136943817139e-01,-5.959857627749443054e-02,9.163987636566162109e-02,-8.827202767133712769e-02,7.495128363370895386e-02,1.426586788147687912e-02
-8.681398630142211914e-02,5.958249792456626892e-02,9.112466871738433838e-02,-4.819262400269508362e-02,-1.280698478221893311e-01,-6.589316762983798981e-04,-8.521401882171630859e-02,-1.097328215837478638e-01,1.630001515150070190e-01,-2.128029465675354004e-01,1.947061270475387573e-01,-4.068348556756973267e-02,-1.858829855918884277e-01,-2.259324304759502411e-02,-1.001650840044021606e-01,2.456844002008438110e-01,-1.418747454881668091e-01,-1.567647159099578857e-01,-9.447401389479637146e-04,2.422090619802474976e-03,1.076275482773780823e-01,2.676327154040336609e-02,-1.514984574168920517e-02,4.439923912286758423e-02,-1.401130110025405884e-01,-3.092874884605407715e-01,-1.189028993248939514e-01,-3.800494596362113953e-02,-9.287724643945693970e-02,-7.237438857555389404e-02,-5.460817366838455200e-02,6.751299649477005005e-02,-1.375024020671844482e-01,4.160804674029350281e-03,-2.478786744177341461e-03,1.054933071136474609e-01,3.220592439174652100e-02,-7.834789901971817017e-02,1.601728945970535278e-01,4.390671104192733765e-02,-2.972621023654937744e-01,8.827999234199523926e-02,6.145802885293960571e-02,2.256457209587097168e-01,1.156767010688781738e-01,-6.563513539731502533e-03,2.062957547605037689e-02,-1.527368426322937012e-01,1.418390721082687378e-01,-1.876291334629058838e-01,1.955723762512207031e-02,1.153046190738677979e-01,7.435446232557296753e-02,3.942076861858367920e-02,-1.456628646701574326e-02,-8.869431167840957642e-02,3.707811981439590454e-02,1.021158993244171143e-01,-1.159771457314491272e-01,-4.451090469956398010e-03,1.069406643509864807e-01,-8.884714543819427490e-02,-2.401564642786979675e-02,-1.213302165269851685e-01,1.675291657447814941e-01,1.123765707015991211e-01,-1.071751490235328674e-01,-1.763718277215957642e-01,1.296383589506149292e-01,-1.442599445581436157e-01,-1.298132985830307007e-01,5.790402367711067200e-02,-1.516963988542556763e-01,-1.667633503675460815e-01,-2.889611124992370605e-01,-1.371763274073600769e-02,4.441854953765869141e-01,1.228972822427749634e-01,-2.000463008880615234e-01,5.335466936230659485e-02,-2.447472512722015381e-02,-2.696882002055644989e-03,1.019055470824241638e-01,2.295032590627670288e-01,5.416728556156158447e-02,4.793108999729156494e-02,-4.337785020470619202e-02,5.262679420411586761e-03,2.569872140884399414e-01,-4.604368284344673157e-02,-2.000787109136581421e-02,2.097764760255813599e-01,5.802521109580993652e-02,1.094374656677246094e-01,1.166768092662096024e-02,2.029874175786972046e-02,-4.715061187744140625e-02,1.784067973494529724e-02,-1.205611675977706909e-01,1.005478668957948685e-02,-6.813542544841766357e-02,-2.803031355142593384e-03,-5.561188235878944397e-02,9.201673418283462524e-02,-1.640076935291290283e-01,1.979884207248687744e-01,-7.281315512955188751e-03,-2.271374221891164780e-03,8.387913927435874939e-03,7.551151514053344727e-02,-5.718187987804412842e-02,-3.615829348564147949e-02,1.121866703033447266e-01,-1.929779499769210815e-01,1.091199368238449097e-01,1.738307923078536987e-01,5.834121257066726685e-02,1.167083680629730225e-01,1.138431802392005920e-01,1.387957036495208740e-01,-2.416335977613925934e-02,-1.559658627957105637e-02,-2.413841038942337036e-01,-5.391158163547515869e-02,1.001460626721382141e-01,-8.746758848428726196e-02,8.164099603891372681e-02,1.303622312843799591e-02
-8.501195907592773438e-02,5.627021938562393188e-02,8.983493596315383911e-02,-4.024688526988029480e-02,-1.273131221532821655e-01,-1.014925632625818253e-02,-7.744579762220382690e-02,-1.197655424475669861e-01,1.478167325258255005e-01,-2.109104096889495850e-01,1.944879144430160522e-01,-4.484598338603973389e-02,-1.840745657682418823e-01,-1.074813026934862137e-02,-8.841782063245773315e-02,2.301829159259796143e-01,-1.243253871798515320e-01,-1.527040451765060425e-01,-1.926581561565399170e-02,2.839338965713977814e-03,1.121423840522766113e-01,3.133127838373184204e-02,-1.384753920137882233e-02,3.728781640529632568e-02,-1.377033144235610962e-01,-2.838542163372039795e-01,-1.295702457427978516e-01,-3.435595333576202393e-02,-8.188711851835250854e-02,-6.403933465480804443e-02,-5.013252794742584229e-02,6.840623170137405396e-02,-1.257920861244201660e-01,-9.445715695619583130e-04,4.062782041728496552e-03,1.062726601958274841e-01,4.360456764698028564e-02,-7.881116122007369995e-02,1.608345806598663330e-01,4.028260707855224609e-02,-2.950599789619445801e-01,8.994342386722564697e-02,6.938445568084716797e-02,2.248505353927612305e-01,1.212612763047218323e-01,-9.547109948471188545e-04,2.481766417622566223e-02,-1.623579114675521851e-01,1.408247351646423340e-01,-1.811712682247161865e-01,2.625669166445732117e-02,1.165115833282470703e-01,7.550644129514694214e-02,5.027277767658233643e-02,-5.203271284699440002e-03,-9.091484546661376953e-02,4.915142059326171875e-02,1.055742651224136353e-01,-1.082353144884109497e-01,1.784811029210686684e-03,1.201977878808975220e-01,-7.588656246662139893e-02,-1.810424402356147766e-02,-1.242133155465126038e-01,1.653915196657180786e-01,9.822317212820053101e-02,-1.121197342872619629e-01,-1.654862910509109497e-01,1.196611374616622925e-01,-1.427205950021743774e-01,-1.430320292711257935e-01,6.207795441150665283e-02,-1.691070646047592163e-01,-1.628807485103607178e-01,-2.946648001670837402e-01,-8.698223158717155457e-03,4.564422965049743652e-01,1.238565891981124878e-01,-1.970542371273040771e-01,5.977048352360725403e-02,-1.714191026985645294e-02,-9.804391302168369293e-04,1.076588109135627747e-01,2.315480709075927734e-01,5.240586400032043457e-02,4.010497033596038818e-02,-3.769719973206520081e-02,8.023953065276145935e-03,2.603160738945007324e-01,-4.817444458603858948e-02,-1.805851981043815613e-02,2.083231210708618164e-01,5.705046653747558594e-02,1.027532517910003662e-01,9.555963799357414246e-03,3.219419345259666443e-02,-3.779447078704833984e-02,1.070627942681312561e-02,-1.119303107261657715e-01,1.228724326938390732e-02,-5.791442096233367920e-02,-1.160476356744766235e-02,-5.247896164655685425e-02,9.368903189897537231e-02,-1.687904000282287598e-01,1.962694376707077026e-01,-1.033799536526203156e-02,6.441560573875904083e-03,1.012105308473110199e-02,6.674410402774810791e-02,-5.071249604225158691e-02,-2.334811538457870483e-02,1.143476292490959167e-01,-1.931477636098861694e-01,1.049832552671432495e-01,1.756405085325241089e-01,4.670954495668411255e-02,1.039631292223930359e-01,1.127348840236663818e-01,1.516344249248504639e-01,-2.099076844751834869e-02,-1.749283634126186371e-03,-2.383038401603698730e-01,-5.867784097790718079e-02,9.782658517360687256e-02,-7.954217493534088135e-02,7.721342891454696655e-02,1.857440173625946045e-02
-8.048789948225021362e-02,6.568060070276260376e-02,9.485516697168350220e-02,-3.849235922098159790e-02,-1.243425831198692322e-01,-1.247741840779781342e-02,-7.908982038497924805e-02,-1.298178136348724365e-01,1.506127566099166870e-01,-2.016730606555938721e-01,1.953524798154830933e-01,-4.545586183667182922e-02,-1.820874065160751343e-01,-1.278569921851158142e-02,-7.997895777225494385e-02,2.302937507629394531e-01,-1.309614479541778564e-01,-1.498313844203948975e-01,-9.536253288388252258e-03,6.479733623564243317e-03,1.112702935934066772e-01,2.628889679908752441e-02,-1.169604342430830002e-02,3.531301021575927734e-02,-1.400101184844970703e-01,-2.885899841785430908e-01,-1.367380023002624512e-01,-3.663615137338638306e-02,-8.207064121961593628e-02,-5.948435515165328979e-02,-5.253396928310394287e-02,6.834513694047927856e-02,-1.208990439772605896e-01,-3.613159060478210449e-05,5.188019014894962311e-03,9.898081421852111816e-02,3.018780797719955444e-02,-8.257932215929031372e-02,1.608889102935791016e-01,3.996867313981056213e-02,-2.952851653099060059e-01,9.777695685625076294e-02,6.749590486288070679e-02,2.212522774934768677e-01,1.239672899246215820e-01,4.784623160958290100e-04,3.112098947167396545e-02,-1.575493365526199341e-01,1.331583261489868164e-01,-1.801283806562423706e-01,2.086199820041656494e-02,1.211896389722824097e-01,6.964993476867675781e-02,5.409108847379684448e-02,-5.347658880054950714e-03,-9.281527996063232422e-02,4.285884648561477661e-02,9.554009139537811279e-02,-1.138089373707771301e-01,1.483919564634561539e-03,1.265639066696166992e-01,-7.968542724847793579e-02,-1.942336931824684143e-02,-1.236454620957374573e-01,1.619454473257064819e-01,1.101123243570327759e-01,-1.155346035957336426e-01,-1.687704920768737793e-01,1.071142777800559998e-01,-1.470405608415603638e-01,-1.459407061338424683e-01,5.971394106745719910e-02,-1.681029051542282104e-01,-1.671432554721832275e-01,-2.913295328617095947e-01,-9.505769237875938416e-03,4.560852646827697754e-01,1.251857578754425049e-01,-1.967939585447311401e-01,5.424257367849349976e-02,-1.774992607533931732e-02,-1.754785887897014618e-03,1.072332337498664856e-01,2.327278107404708862e-01,5.489552766084671021e-02,4.010409116744995117e-02,-3.702808544039726257e-02,1.858402974903583527e-03,2.541403472423553467e-01,-5.201939120888710022e-02,-1.736694201827049255e-02,2.129791676998138428e-01,5.389170721173286438e-02,1.092133820056915283e-01,2.130288630723953247e-03,3.430638089776039124e-02,-3.776258230209350586e-02,1.491446048021316528e-02,-1.048826128244400024e-01,1.199649646878242493e-02,-6.089372560381889343e-02,-9.228271432220935822e-03,-4.889516159892082214e-02,9.277532249689102173e-02,-1.686432808637619019e-01,2.050096988677978516e-01,-7.360796909779310226e-03,1.067350991070270538e-02,7.012787740677595139e-03,6.880093365907669067e-02,-4.949156939983367920e-02,-1.918144151568412781e-02,1.118859946727752686e-01,-2.016637027263641357e-01,1.076176092028617859e-01,1.793810576200485229e-01,4.079063236713409424e-02,1.032310351729393005e-01,1.093648150563240051e-01,1.491342782974243164e-01,-2.443968690931797028e-02,-1.616636291146278381e-03,-2.351549714803695679e-01,-5.932552367448806763e-02,9.128759056329727173e-02,-7.502420991659164429e-02,7.433655112981796265e-02,1.735001802444458008e-02
-8.661974966526031494e-02,6.142113357782363892e-02,9.149665385484695435e-02,-3.838386014103889465e-02,-1.265629678964614868e-01,-1.037271320819854736e-02,-6.992443650960922241e-02,-1.228229105472564697e-01,1.518735736608505249e-01,-2.007966637611389160e-01,1.971943229436874390e-01,-4.071433469653129578e-02,-1.813538372516632080e-01,-1.269200537353754044e-02,-7.735355198383331299e-02,2.337056249380111694e-01,-1.451790928840637207e-01,-1.545728147029876709e-01,-1.536228507757186890e-02,1.092631462961435318e-02,1.091876626014709473e-01,2.474354766309261322e-02,-2.109534665942192078e-02,3.680718690156936646e-02,-1.379801630973815918e-01,-2.830694615840911865e-01,-1.250789016485214233e-01,-4.254449903964996338e-02,-8.105655759572982788e-02,-6.350166350603103638e-02,-4.563027620315551758e-02,5.977477878332138062e-02,-1.190016418695449829e-01,2.140976488590240479e-03,3.093264065682888031e-03,1.028295159339904785e-01,3.264101222157478333e-02,-8.173284679651260376e-02,1.656720638275146484e-01,3.662286698818206787e-02,-3.019675314426422119e-01,9.052529186010360718e-02,7.086550444364547729e-02,2.171948254108428955e-01,1.270766556262969971e-01,4.165078978985548019e-03,2.458681166172027588e-02,-1.527331471443176270e-01,1.398406177759170532e-01,-1.855847090482711792e-01,1.962466910481452942e-02,1.176025867462158203e-01,8.645258098840713501e-02,5.296988785266876221e-02,-1.030549407005310059e-03,-9.733863174915313721e-02,3.868652507662773132e-02,8.685003221035003662e-02,-1.131181642413139343e-01,-2.969117835164070129e-03,1.235259845852851868e-01,-7.230339944362640381e-02,-5.040747113525867462e-03,-1.259261518716812134e-01,1.629864126443862915e-01,9.341009706258773804e-02,-1.173918917775154114e-01,-1.600189208984375000e-01,1.137203872203826904e-01,-1.536514014005661011e-01,-1.526262462139129639e-01,5.853252857923507690e-02,-1.580286622047424316e-01,-1.717509478330612183e-01,-2.968200445175170898e-01,-1.472230814397335052e-02,4.501599371433258057e-01,1.324819177389144897e-01,-1.965384185314178467e-01,5.066034570336341858e-02,-1.797123998403549194e-02,-1.183433085680007935e-02,9.708437323570251465e-02,2.343939989805221558e-01,5.603397637605667114e-02,4.787185788154602051e-02,-3.972524404525756836e-02,-6.856432184576988220e-03,2.569807469844818115e-01,-5.081763491034507751e-02,-9.511799551546573639e-03,2.178026139736175537e-01,5.635651201009750366e-02,1.030801013112068176e-01,-2.027716487646102905e-03,2.740433625876903534e-02,-3.247627988457679749e-02,1.802062429487705231e-02,-1.006566658616065979e-01,1.313794590532779694e-02,-6.616729497909545898e-02,-9.326816536486148834e-03,-4.190368577837944031e-02,9.259524941444396973e-02,-1.694090515375137329e-01,1.989220231771469116e-01,-1.188192702829837799e-02,1.349535398185253143e-02,1.697621773928403854e-03,7.756445556879043579e-02,-5.508774518966674805e-02,-2.674684114754199982e-02,1.166095286607742310e-01,-1.994043141603469849e-01,1.006409674882888794e-01,1.835021972656250000e-01,3.712192922830581665e-02,9.933433681726455688e-02,1.098804548382759094e-01,1.508629918098449707e-01,-2.428843826055526733e-02,-3.356579691171646118e-04,-2.384694069623947144e-01,-6.100493296980857849e-02,8.659280091524124146e-02,-7.987199723720550537e-02,7.648910582065582275e-02,2.804280817508697510e-02
-7.660799473524093628e-02,6.153169274330139160e-02,8.868153393268585205e-02,-4.001339152455329895e-02,-1.228320151567459106e-01,-1.202756073325872421e-02,-7.479102164506912231e-02,-1.309293508529663086e-01,1.478056907653808594e-01,-2.019997537136077881e-01,1.998891979455947876e-01,-3.927098214626312256e-02,-1.785369515419006348e-01,-2.373561076819896698e-02,-7.459332048892974854e-02,2.250898778438568115e-01,-1.350010931491851807e-01,-1.550763696432113647e-01,-1.654123514890670776e-02,4.633300006389617920e-03,1.091633886098861694e-01,2.976924180984497070e-02,-7.060436066240072250e-03,3.616635501384735107e-02,-1.412974745035171509e-01,-2.836283743381500244e-01,-1.365813910961151123e-01,-4.060151055455207825e-02,-7.893600314855575562e-02,-6.274328380823135376e-02,-4.764928296208381653e-02,7.296660542488098145e-02,-1.237055212259292603e-01,1.280952244997024536e-03,1.011996529996395111e-02,1.035768687725067139e-01,3.753139451146125793e-02,-7.887504994869232178e-02,1.660568267107009888e-01,4.314264655113220215e-02,-2.855191230773925781e-01,9.557450562715530396e-02,6.440547853708267212e-02,2.243294715881347656e-01,1.313902139663696289e-01,-4.028934054076671600e-03,3.230971470475196838e-02,-1.584683656692504883e-01,1.353936791419982910e-01,-1.718631535768508911e-01,2.469694986939430237e-02,1.240394562482833862e-01,7.478988170623779297e-02,5.324916169047355652e-02,1.899804919958114624e-03,-9.771636128425598145e-02,3.802483901381492615e-02,9.293190389871597290e-02,-1.079366430640220642e-01,-9.790922049432992935e-04,1.187185496091842651e-01,-7.270972430706024170e-02,-1.580008119344711304e-02,-1.310859024524688721e-01,1.633182913064956665e-01,9.828189760446548462e-02,-1.179486587643623352e-01,-1.658345758914947510e-01,1.113307476043701172e-01,-1.476861387491226196e-01,-1.486926525831222534e-01,5.590559169650077820e-02,-1.756834536790847778e-01,-1.627740114927291870e-01,-2.953988611698150635e-01,-1.207482814788818359e-02,4.481234252452850342e-01,1.262154728174209595e-01,-2.056478857994079590e-01,5.730759352445602417e-02,-1.369304023683071136e-02,-6.678530480712652206e-03,9.955739229917526245e-02,2.378901839256286621e-01,5.121335759758949280e-02,5.396239832043647766e-02,-3.436813503503799438e-02,5.074643529951572418e-03,2.497228235006332397e-01,-4.788278043270111084e-02,-1.769969053566455841e-02,2.167515158653259277e-01,4.923680424690246582e-02,1.069095507264137268e-01,1.261320523917675018e-02,2.235608175396919250e-02,-3.149905055761337280e-02,8.643478155136108398e-03,-1.106365844607353210e-01,1.451009511947631836e-02,-7.228418439626693726e-02,-1.637038961052894592e-02,-4.947978630661964417e-02,9.213999658823013306e-02,-1.609727740287780762e-01,1.976873278617858887e-01,-1.076041534543037415e-02,1.023136917501688004e-02,-8.526774123311042786e-03,6.551584601402282715e-02,-5.455674231052398682e-02,-2.020887099206447601e-02,1.160917580127716064e-01,-2.022929191589355469e-01,1.053497046232223511e-01,1.778196245431900024e-01,3.909510746598243713e-02,1.049979701638221741e-01,1.100363731384277344e-01,1.569552421569824219e-01,-2.847871184349060059e-02,4.279991611838340759e-03,-2.297388762235641479e-01,-5.538464337587356567e-02,8.836036175489425659e-02,-7.379253208637237549e-02,7.831857353448867798e-02,1.913766004145145416e-02
-7.485112547874450684e-02,6.544283032417297363e-02,8.704877644777297974e-02,-4.063879698514938354e-02,-1.233241781592369080e-01,-7.312992587685585022e-03,-7.306962460279464722e-02,-1.295071244239807129e-01,1.435275971889495850e-01,-2.058139890432357788e-01,1.949694156646728516e-01,-3.942063450813293457e-02,-1.879898756742477417e-01,-1.663215272128582001e-02,-7.403940707445144653e-02,2.291659414768218994e-01,-1.400234550237655640e-01,-1.583237797021865845e-01,-2.312660962343215942e-02,-1.276459544897079468e-03,1.031054183840751648e-01,2.832300774753093719e-02,-1.608962751924991608e-02,3.474254161119461060e-02,-1.354179680347442627e-01,-2.785611450672149658e-01,-1.268924474716186523e-01,-3.377651050686836243e-02,-7.652785629034042358e-02,-5.808839574456214905e-02,-5.403656139969825745e-02,7.117871940135955811e-02,-1.194968372583389282e-01,4.430722445249557495e-03,6.080144084990024567e-03,1.075933277606964111e-01,3.039393015205860138e-02,-7.874011993408203125e-02,1.642989218235015869e-01,4.108965396881103516e-02,-2.876815795898437500e-01,1.001036986708641052e-01,6.778405606746673584e-02,2.221681773662567139e-01,1.289882510900497437e-01,-3.771228948608040810e-04,3.044171258807182312e-02,-1.606786549091339111e-01,1.359664052724838257e-01,-1.824797391891479492e-01,1.622126996517181396e-02,1.274496167898178101e-01,8.305023610591888428e-02,5.581798404455184937e-02,-7.095966488122940063e-03,-1.042416542768478394e-01,3.782328218221664429e-02,8.696644008159637451e-02,-1.115986183285713196e-01,1.944680698215961456e-04,1.176077947020530701e-01,-7.675899565219879150e-02,-1.560174673795700073e-02,-1.307625025510787964e-01,1.657904386520385742e-01,9.802886098623275757e-02,-1.246348246932029724e-01,-1.625999659299850464e-01,1.085587590932846069e-01,-1.536294966936111450e-01,-1.536215543746948242e-01,5.539882928133010864e-02,-1.635287106037139893e-01,-1.662234216928482056e-01,-2.983506023883819580e-01,-1.342678256332874298e-02,4.461680054664611816e-01,1.284423619508743286e-01,-2.008089274168014526e-01,5.704952031373977661e-02,-1.608772948384284973e-02,-1.148944906890392303e-02,9.781465679407119751e-02,2.375791519880294800e-01,4.031901061534881592e-02,5.341836065053939819e-02,-3.906504809856414795e-02,3.073422238230705261e-03,2.541795670986175537e-01,-5.135641619563102722e-02,-1.629493013024330139e-02,2.187141925096511841e-01,5.803363025188446045e-02,1.132661551237106323e-01,7.456662133336067200e-03,3.438435494899749756e-02,-3.319854661822319031e-02,7.304479368031024933e-03,-1.104122251272201538e-01,1.358270458877086639e-02,-6.599029898643493652e-02,-2.399460598826408386e-02,-4.709189012646675110e-02,8.831768482923507690e-02,-1.630790680646896362e-01,2.033740133047103882e-01,-1.164100505411624908e-02,1.378653198480606079e-02,-2.684164326637983322e-03,6.745455414056777954e-02,-5.599518120288848877e-02,-2.172279357910156250e-02,1.204124093055725098e-01,-2.043424546718597412e-01,9.953036159276962280e-02,1.883307099342346191e-01,4.127924889326095581e-02,1.031364798545837402e-01,1.205470412969589233e-01,1.520917564630508423e-01,-2.788287028670310974e-02,-8.504083380103111267e-04,-2.342897802591323853e-01,-6.147736310958862305e-02,8.857757598161697388e-02,-7.594251632690429688e-02,7.785103470087051392e-02,2.735583111643791199e-02
-7.320990413427352905e-02,6.471148878335952759e-02,8.624956756830215454e-02,-4.021457582712173462e-02,-1.207000687718391418e-01,-1.312608551234006882e-02,-7.634231448173522949e-02,-1.277983188629150391e-01,1.412657648324966431e-01,-2.001296132802963257e-01,1.964717060327529907e-01,-4.521939903497695923e-02,-1.887443065643310547e-01,-2.286278456449508667e-02,-7.892294973134994507e-02,2.279645204544067383e-01,-1.274304240942001343e-01,-1.508830040693283081e-01,-2.485604211688041687e-02,5.198884755373001099e-04,1.078228205442428589e-01,3.682370111346244812e-02,-9.241468273103237152e-03,3.669993206858634949e-02,-1.360591351985931396e-01,-2.764913141727447510e-01,-1.320135146379470825e-01,-3.277032077312469482e-02,-8.438652008771896362e-02,-6.379394233226776123e-02,-5.108651146292686462e-02,7.333443313837051392e-02,-1.217300593852996826e-01,7.588248699903488159e-04,1.202555280178785324e-02,1.071771085262298584e-01,3.120942972600460052e-02,-8.107490837574005127e-02,1.578098386526107788e-01,3.965823352336883545e-02,-2.865948975086212158e-01,1.014248356223106384e-01,6.964738667011260986e-02,2.224655151367187500e-01,1.255080699920654297e-01,3.782028332352638245e-03,2.801133319735527039e-02,-1.660442352294921875e-01,1.361418515443801880e-01,-1.754913032054901123e-01,2.450392022728919983e-02,1.259469836950302124e-01,7.206025719642639160e-02,5.290357768535614014e-02,2.223439514636993408e-05,-9.939694404602050781e-02,4.226734489202499390e-02,9.725541621446609497e-02,-1.102267056703567505e-01,-4.313410259783267975e-03,1.199832186102867126e-01,-7.121077924966812134e-02,-1.860495470464229584e-02,-1.307131052017211914e-01,1.585248559713363647e-01,1.022953689098358154e-01,-1.223307177424430847e-01,-1.630176752805709839e-01,1.087837442755699158e-01,-1.511323750019073486e-01,-1.467581987380981445e-01,6.391785293817520142e-02,-1.672548353672027588e-01,-1.644599288702011108e-01,-2.936451137065887451e-01,-1.177272573113441467e-02,4.496951103210449219e-01,1.228346079587936401e-01,-2.007478922605514526e-01,5.203339084982872009e-02,-1.000446546822786331e-02,-1.884768716990947723e-03,1.072217971086502075e-01,2.328245490789413452e-01,4.474188759922981262e-02,4.344457015395164490e-02,-3.941525518894195557e-02,4.765327088534832001e-03,2.537297010421752930e-01,-4.918381571769714355e-02,-1.996026001870632172e-02,2.137722373008728027e-01,5.718991532921791077e-02,1.063848808407783508e-01,1.005429867655038834e-02,3.224223479628562927e-02,-3.252464532852172852e-02,8.429879322648048401e-03,-1.088723838329315186e-01,1.861753873527050018e-02,-6.509168446063995361e-02,-2.126268669962882996e-02,-5.632924661040306091e-02,8.791683614253997803e-02,-1.559258997440338135e-01,1.982471197843551636e-01,-5.570069886744022369e-03,1.054168865084648132e-02,-2.311970572918653488e-03,6.366292387247085571e-02,-5.465355142951011658e-02,-1.857782341539859772e-02,1.137596592307090759e-01,-2.040266245603561401e-01,1.070701703429222107e-01,1.752268970012664795e-01,3.939972072839736938e-02,1.020158603787422180e-01,1.130771785974502563e-01,1.591648757457733154e-01,-2.816531248390674591e-02,-6.084304302930831909e-03,-2.312319874763488770e-01,-6.450952589511871338e-02,9.348486363887786865e-02,-7.250174880027770996e-02,8.008939027786254883e-02,1.644470728933811188e-02
-7.695022225379943848e-02,6.178468093276023865e-02,8.490180224180221558e-02,-3.539019823074340820e-02,-1.211269199848175049e-01,-5.326298531144857407e-03,-7.397846132516860962e-02,-1.331076920032501221e-01,1.428741216659545898e-01,-2.056922018527984619e-01,1.958398520946502686e-01,-4.207762330770492554e-02,-1.910180449485778809e-01,-1.322722807526588440e-02,-7.427561283111572266e-02,2.277889847755432129e-01,-1.349106431007385254e-01,-1.589464098215103149e-01,-1.909691467881202698e-02,1.845492981374263763e-03,9.828029572963714600e-02,2.627140097320079803e-02,-1.651949249207973480e-02,3.408674895763397217e-02,-1.417310386896133423e-01,-2.807274758815765381e-01,-1.307895332574844360e-01,-3.851852566003799438e-02,-8.694046735763549805e-02,-5.798617750406265259e-02,-5.501069501042366028e-02,6.469623744487762451e-02,-1.229271143674850464e-01,4.613857716321945190e-03,8.783509954810142517e-03,9.824615716934204102e-02,2.523969300091266632e-02,-7.957320660352706909e-02,1.704806536436080933e-01,3.846295177936553955e-02,-2.886341214179992676e-01,9.873850643634796143e-02,7.480953633785247803e-02,2.218036204576492310e-01,1.230508983135223389e-01,2.551037585362792015e-03,2.568013593554496765e-02,-1.599151045083999634e-01,1.322993636131286621e-01,-1.785931587219238281e-01,2.237102761864662170e-02,1.275198608636856079e-01,8.117999136447906494e-02,5.495692789554595947e-02,-9.625031612813472748e-03,-1.023482829332351685e-01,3.455232456326484680e-02,9.288159757852554321e-02,-1.155536919832229614e-01,4.159761592745780945e-03,1.221168711781501770e-01,-7.510109245777130127e-02,-2.110410481691360474e-02,-1.308129280805587769e-01,1.661670207977294922e-01,1.028168573975563049e-01,-1.251557171344757080e-01,-1.605221778154373169e-01,1.090534329414367676e-01,-1.526284962892532349e-01,-1.460179388523101807e-01,5.342734605073928833e-02,-1.636026054620742798e-01,-1.782762408256530762e-01,-2.913761138916015625e-01,-9.972095489501953125e-03,4.404145479202270508e-01,1.299687623977661133e-01,-1.968228667974472046e-01,5.532969534397125244e-02,-1.454853359609842300e-02,-9.506281465291976929e-03,9.973264485597610474e-02,2.306678444147109985e-01,4.632706195116043091e-02,4.627222567796707153e-02,-3.230597078800201416e-02,2.604147419333457947e-03,2.560180723667144775e-01,-4.834189265966415405e-02,-1.388345006853342056e-02,2.169679403305053711e-01,5.141758546233177185e-02,1.009732484817504883e-01,6.157537456601858139e-03,3.390823304653167725e-02,-3.475551679730415344e-02,7.063657045364379883e-03,-1.104883104562759399e-01,1.625479944050312042e-02,-6.805137544870376587e-02,-2.358472347259521484e-02,-4.442305117845535278e-02,8.767096698284149170e-02,-1.673386991024017334e-01,1.994369477033615112e-01,-8.515215478837490082e-03,8.822831325232982635e-03,2.156011294573545456e-03,6.878597289323806763e-02,-5.946214497089385986e-02,-2.512950822710990906e-02,1.189864724874496460e-01,-2.085464149713516235e-01,1.054555699229240417e-01,1.803935170173645020e-01,4.097654670476913452e-02,1.060862243175506592e-01,1.165243387222290039e-01,1.525871604681015015e-01,-2.797619625926017761e-02,-1.785261556506156921e-04,-2.404387146234512329e-01,-6.353507936000823975e-02,9.260867536067962646e-02,-7.279030978679656982e-02,8.350123465061187744e-02,2.483621612191200256e-02
-7.761521637439727783e-02,6.825650483369827271e-02,8.820015937089920044e-02,-3.810008987784385681e-02,-1.228032484650611877e-01,-7.088032551109790802e-03,-7.834722846746444702e-02,-1.325770467519760132e-01,1.410613209009170532e-01,-2.065489888191223145e-01,2.046700567007064819e-01,-4.325027763843536377e-02,-1.902348548173904419e-01,-1.172663364559412003e-02,-8.054999262094497681e-02,2.304787784814834595e-01,-1.369633674621582031e-01,-1.601848900318145752e-01,-1.984542608261108398e-02,8.869533427059650421e-03,9.939572215080261230e-02,2.664193697273731232e-02,-1.538028102368116379e-02,3.184022009372711182e-02,-1.363887935876846313e-01,-2.861562073230743408e-01,-1.342661976814270020e-01,-3.707964718341827393e-02,-8.373460173606872559e-02,-5.420562252402305603e-02,-5.192365497350692749e-02,6.570057570934295654e-02,-1.140315011143684387e-01,8.542738854885101318e-03,1.107939332723617554e-02,9.593822062015533447e-02,3.366127610206604004e-02,-8.085999637842178345e-02,1.698644012212753296e-01,3.917427733540534973e-02,-2.934247553348541260e-01,1.034507751464843750e-01,7.353901863098144531e-02,2.261619865894317627e-01,1.300328671932220459e-01,-1.595826004631817341e-03,2.972260303795337677e-02,-1.627589315176010132e-01,1.349461376667022705e-01,-1.797219216823577881e-01,2.142059430480003357e-02,1.256052702665328979e-01,8.772034943103790283e-02,5.233761668205261230e-02,-8.112562820315361023e-03,-9.462192654609680176e-02,3.315677493810653687e-02,9.486706554889678955e-02,-1.173930615186691284e-01,-1.240206183865666389e-03,1.237333714962005615e-01,-7.485803961753845215e-02,-2.090895920991897583e-02,-1.367114186286926270e-01,1.604679971933364868e-01,1.062197163701057434e-01,-1.263877898454666138e-01,-1.667378991842269897e-01,1.104710400104522705e-01,-1.549833565950393677e-01,-1.486835032701492310e-01,5.523079633712768555e-02,-1.674622297286987305e-01,-1.723617166280746460e-01,-2.908971905708312988e-01,-1.192192733287811279e-02,4.448959529399871826e-01,1.318144053220748901e-01,-1.959753334522247314e-01,5.569681897759437561e-02,-1.304344926029443741e-02,-9.584001265466213226e-03,9.252285212278366089e-02,2.320657968521118164e-01,4.621797800064086914e-02,4.080962017178535461e-02,-3.433083742856979370e-02,-2.863891422748565674e-04,2.566482722759246826e-01,-5.334319546818733215e-02,-1.285579986870288849e-02,2.166247069835662842e-01,5.058000981807708740e-02,1.021705269813537598e-01,4.541422240436077118e-03,3.585147857666015625e-02,-3.466775268316268921e-02,8.632201701402664185e-03,-1.073420569300651550e-01,1.648254878818988800e-02,-7.539159804582595825e-02,-2.006893604993820190e-02,-4.443565756082534790e-02,8.548226952552795410e-02,-1.661357581615447998e-01,1.990311592817306519e-01,-1.370689179748296738e-02,1.255357544869184494e-02,5.612926557660102844e-03,6.948783993721008301e-02,-4.869451373815536499e-02,-2.586243487894535065e-02,1.186644956469535828e-01,-2.042746096849441528e-01,9.904724359512329102e-02,1.788436919450759888e-01,4.254396632313728333e-02,1.033542230725288391e-01,1.157542765140533447e-01,1.537264436483383179e-01,-2.832128480076789856e-02,-1.565879210829734802e-04,-2.382095009088516235e-01,-6.522294133901596069e-02,8.747494965791702271e-02,-7.364894449710845947e-02,7.912239432334899902e-02,2.215568721294403076e-02
-7.515621930360794067e-02,6.523849070072174072e-02,9.154111891984939575e-02,-3.729077056050300598e-02,-1.223241686820983887e-01,-1.461065188050270081e-02,-7.236843556165695190e-02,-1.280359923839569092e-01,1.428641825914382935e-01,-2.074312716722488403e-01,2.006986439228057861e-01,-4.530385136604309082e-02,-1.926066726446151733e-01,-2.246721647679805756e-02,-8.101306855678558350e-02,2.401088327169418335e-01,-1.335723698139190674e-01,-1.610028147697448730e-01,-2.722445502877235413e-02,4.534306004643440247e-03,1.014213562011718750e-01,2.759743668138980865e-02,-1.844908669590950012e-02,3.793372958898544312e-02,-1.334066241979598999e-01,-2.827518284320831299e-01,-1.273699551820755005e-01,-3.377350419759750366e-02,-8.559563010931015015e-02,-6.323217600584030151e-02,-5.508835241198539734e-02,6.831087917089462280e-02,-1.184416413307189941e-01,-1.624533906579017639e-03,7.282127626240253448e-03,1.075715273618698120e-01,3.706244751811027527e-02,-8.014946430921554565e-02,1.583186686038970947e-01,4.017303138971328735e-02,-3.011109232902526855e-01,1.048394367098808289e-01,7.984949648380279541e-02,2.230625748634338379e-01,1.211146935820579529e-01,2.373738680034875870e-03,2.613838389515876770e-02,-1.625672280788421631e-01,1.366799473762512207e-01,-1.840145289897918701e-01,2.034019306302070618e-02,1.197769865393638611e-01,8.532115817070007324e-02,5.531939864158630371e-02,-2.702601253986358643e-03,-1.020614057779312134e-01,4.045943915843963623e-02,9.401918947696685791e-02,-1.198545768857002258e-01,-3.476033220067620277e-03,1.197538599371910095e-01,-7.179044187068939209e-02,-1.834451034665107727e-02,-1.304516792297363281e-01,1.523476988077163696e-01,1.054296568036079407e-01,-1.176985427737236023e-01,-1.620225608348846436e-01,1.114701107144355774e-01,-1.598106473684310913e-01,-1.488189101219177246e-01,5.979056283831596375e-02,-1.586805582046508789e-01,-1.681776642799377441e-01,-2.990691363811492920e-01,-1.722315140068531036e-02,4.459027945995330811e-01,1.346646845340728760e-01,-1.997346282005310059e-01,5.206380039453506470e-02,-8.845298551023006439e-03,-5.803525913506746292e-03,1.011576652526855469e-01,2.309439778327941895e-01,4.916806146502494812e-02,5.138374119997024536e-02,-4.049498587846755981e-02,1.596845686435699463e-04,2.511684894561767578e-01,-4.832071065902709961e-02,-1.022396329790353775e-02,2.160646915435791016e-01,6.121480464935302734e-02,1.048696860671043396e-01,6.826556753367185593e-03,3.442535549402236938e-02,-3.517872095108032227e-02,8.733397349715232849e-03,-1.150953322649002075e-01,1.253971364349126816e-02,-7.117023319005966187e-02,-1.711595989763736725e-02,-4.888656362891197205e-02,7.819968461990356445e-02,-1.643096804618835449e-01,1.972724944353103638e-01,-5.331876687705516815e-03,8.734401315450668335e-03,-3.062472678720951080e-04,7.774510234594345093e-02,-4.682007804512977600e-02,-2.387947961688041687e-02,1.150854378938674927e-01,-1.987915039062500000e-01,1.021851971745491028e-01,1.875003576278686523e-01,3.744533285498619080e-02,1.006245613098144531e-01,1.155290007591247559e-01,1.527646631002426147e-01,-2.961575984954833984e-02,-1.286427676677703857e-02,-2.311470359563827515e-01,-6.759046018123626709e-02,8.898361027240753174e-02,-8.058623969554901123e-02,8.127298951148986816e-02,2.248915657401084900e-02
-8.429574966430664062e-02,6.473655253648757935e-02,9.460428357124328613e-02,-3.799951076507568359e-02,-1.264043003320693970e-01,-2.093663997948169708e-02,-6.990533322095870972e-02,-1.390593796968460083e-01,1.426546573638916016e-01,-2.104683220386505127e-01,2.023077458143234253e-01,-4.602755606174468994e-02,-1.856633871793746948e-01,-8.900148794054985046e-03,-8.205766975879669189e-02,2.378771156072616577e-01,-1.333669126033782959e-01,-1.576001048088073730e-01,-1.811058260500431061e-02,5.798091180622577667e-03,1.009767651557922363e-01,2.721113525331020355e-02,-1.734348200261592865e-02,3.929518163204193115e-02,-1.340281069278717041e-01,-2.789119482040405273e-01,-1.373441219329833984e-01,-3.445726260542869568e-02,-8.090063184499740601e-02,-5.495901405811309814e-02,-5.614500492811203003e-02,7.484759390354156494e-02,-1.145902499556541443e-01,4.367524757981300354e-03,8.438728749752044678e-03,1.059393733739852905e-01,4.027031362056732178e-02,-7.297223806381225586e-02,1.557640284299850464e-01,3.785899281501770020e-02,-2.974965870380401611e-01,1.012011691927909851e-01,7.728906720876693726e-02,2.199518829584121704e-01,1.206797212362289429e-01,-4.798622801899909973e-03,2.909646928310394287e-02,-1.628831326961517334e-01,1.241111457347869873e-01,-1.800530403852462769e-01,2.002189308404922485e-02,1.153347045183181763e-01,8.876809477806091309e-02,5.440247058868408203e-02,-5.868535488843917847e-03,-1.000922620296478271e-01,3.926777839660644531e-02,9.103621542453765869e-02,-1.152143776416778564e-01,6.111277267336845398e-03,1.290741562843322754e-01,-7.652389258146286011e-02,-1.782393269240856171e-02,-1.238605529069900513e-01,1.584600359201431274e-01,1.056312695145606995e-01,-1.221412420272827148e-01,-1.581902503967285156e-01,1.111221164464950562e-01,-1.578291356563568115e-01,-1.467032432556152344e-01,5.618271976709365845e-02,-1.622310578823089600e-01,-1.714312732219696045e-01,-2.939714789390563965e-01,-1.202189922332763672e-02,4.482670724391937256e-01,1.352473348379135132e-01,-2.005891799926757812e-01,5.492724478244781494e-02,-1.296080090105533600e-02,-4.442440345883369446e-03,9.868292510509490967e-02,2.318844497203826904e-01,4.594162851572036743e-02,4.746348038315773010e-02,-4.039676487445831299e-02,2.310057170689105988e-03,2.496664077043533325e-01,-5.064884573221206665e-02,-6.727429572492837906e-03,2.225436568260192871e-01,5.563277378678321838e-02,1.084111407399177551e-01,4.148919135332107544e-03,3.799219429492950439e-02,-3.222197294235229492e-02,3.343270160257816315e-03,-1.068879216909408569e-01,1.270106621086597443e-02,-7.332652807235717773e-02,-2.102454751729965210e-02,-4.934995621442794800e-02,8.593495190143585205e-02,-1.660288572311401367e-01,1.981584876775741577e-01,-1.216463278979063034e-02,1.017000153660774231e-02,5.266815423965454102e-05,7.983592152595520020e-02,-4.383399337530136108e-02,-2.777720242738723755e-02,1.153290495276451111e-01,-1.957808285951614380e-01,9.869357198476791382e-02,1.876849234104156494e-01,3.325743600726127625e-02,1.010640412569046021e-01,1.114325970411300659e-01,1.538871675729751587e-01,-2.610209025442600250e-02,-8.174490183591842651e-03,-2.262224555015563965e-01,-5.956670269370079041e-02,9.112282842397689819e-02,-8.811897784471511841e-02,7.416182011365890503e-02,2.422464452683925629e-02
